<module>
  <inherits name="com.google.gwt.core.Core"/>
  <inherits name="com.google.gwt.user.User"/>
  <super-source path="translatable"/>
  <source path="annotation"/>
  <source path="common"/>
  <source path="impl"/>	
  <source path="gwt"/>
  <entry-point class="nu.validator.htmlparser.gwt.HtmlParserModule"/>
  
  <!--
      add our linker, which doesn't have all the client script loading junk
    -->

  <define-linker name="sssl" class="com.envjs.gwt.linker.ServerSingleScriptLinker" />
  <add-linker name="sssl" />

  <!--
      envjs
      set GWT 2.0 to use a single 'user agent' 
    -->
  <set-property name="user.agent" value="gecko" />

</module>
